Family,Genus
Labridae,Sparisoma
Labridae,Halichoeres
Labridae,Thalassoma
Holocentridae,Holocentrus
Pomacentridae,Stegastes
Haemulidae,Haemulon
Lutjanidae,Lutjanus
Pomacentridae,Abudefduf
Acanthuridae,Acanthurus
Pomacentridae,Microspathodon
Labridae,Scarus
Chaetodontidae,Chaetodon
Pomacentridae,Chromis
Pomacanthidae,Holacanthus
Serranidae,Cephalopholis
Labridae,Bodianus
Ostraciidae,Lactophrys
Pomacanthidae,Pomacanthus
Tetraodontidae,Canthigaster
Haemulidae,Anisotremus
Sphyraenidae,Sphyraena
Labridae,Lachnolaimus
Diodontidae,Diodon
Lutjanidae,Ocyurus
Sciaenidae,Pareques
Serranidae,Epinephelus
Serranidae,Mycteroperca
Carangidae,Carangoides
Serranidae,Serranus
Ostraciidae,Acanthostracion
Kyphosidae,Kyphosus
Mullidae,Pseudupeneus
Aulostomidae,Aulostomus
Serranidae,Hypoplectrus
Ostraciidae,Rhinesomus
Mullidae,Mulloidichthys
Sparidae,Calamus
Ephippidae,Chaetodipterus
Scombridae,Scomberomorus
Synodontidae,Synodus
Sciaenidae,Odontoscion
Serranidae,Rypticus
Echeneidae,Echeneis
Balistidae,Canthidermis
Monacanthidae,Monacanthus
Scorpaenidae,Scorpaena
Sparidae,Diplodus
Priacanthidae,Heteropriacanthus
Labridae,Clepticus
Holocentridae,Myripristis
Holocentridae,Neoniphon
Scorpaenidae,Pterois
Grammatidae,Gramma
Gerreidae,Gerres
Balistidae,Melichthys
Inermiidae,Inermia
Carangidae,Caranx
Balistidae,Balistes
Malacanthidae,Malacanthus
Monacanthidae,Cantherhines
Apogonidae,Apogon
Diodontidae,Chilomycterus
Chaetodontidae,Prognathodes
Fistulariidae,Fistularia
Sciaenidae,Equetus
Monacanthidae,Aluterus
Tetraodontidae,Sphoeroides
Holocentridae,Sargocentron
Pempheridae,Pempheris
Sparidae,Acanthopagrus
Scorpididae,Scorpis
Pomacentridae,Parma
Monacanthidae,Meuschenia
Cheilodactylidae,Cheilodactylus
Labridae,Achoerodus
Enoplosidae,Enoplosus
Serranidae,Acanthistius
Labridae,Ophthalmolepis
Scorpididae,Atypichthys
Labridae,Coris
Plesiopidae,Trachinops
Dinolestidae,Dinolestes
Monacanthidae,Eubalichthys
Serranidae,Hypoplectrodes
Berycidae,Centroberyx
Labridae,Notolabrus
Mullidae,Parupeneus
Pomacentridae,Mecaenichthys
Acanthuridae,Prionurus
Cheilodactylidae,Nemadactylus
Sparidae,Rhabdosargus
Trachichthyidae,Trachichthys
Labridae,Suezichthys
Diodontidae,Dicotylichthys
Balistidae,Sufflamen
Labridae,Pseudolabrus
Zanclidae,Zanclus
Aplodactylidae,Aplodactylus
Serranidae,Pseudanthias
Chaetodontidae,Heniochus
Carangidae,Pseudocaranx
Lutjanidae,Paracaesio
Acanthuridae,Paracanthurus
Scorpaenidae,Dendrochirus
Cirrhitidae,Cirrhitichthys
Caesionidae,Caesio
Pomacentridae,Pomacentrus
Caesionidae,Pterocaesio
Siganidae,Siganus
Labridae,Stethojulis
Labridae,Macropharyngodon
Haemulidae,Plectorhinchus
Labridae,Labroides
Labridae,Hemigymnus
Apogonidae,Ostorhinchus
Pomacentridae,Dascyllus
Serranidae,Trachypoma
Labridae,Anampses
Pomacentridae,Amphiprion
Carangidae,Seriola
Moridae,Lotella
Mullidae,Upeneichthys
Monodactylidae,Schuettea
Labridae,Austrolabrus
Carangidae,Trachurus
Carangidae,Elagatis
Glaucosomatidae,Glaucosoma
Ostraciidae,Anoplocapros
Labridae,Pseudocoris
Labridae,Olisthops
Acanthuridae,Naso
Pomacanthidae,Centropyge
Nemipteridae,Scolopsis
Labridae,Cirrhilabrus
Pomacentridae,Chrysiptera
Scorpididae,Microcanthus
Acanthuridae,Ctenochaetus
Terapontidae,Pelates
Pomacentridae,Amblyglyphidodon
Lethrinidae,Lethrinus
Serranidae,Diploprion
Balistidae,Rhinecanthus
Kyphosidae,Girella
Monodactylidae,Monodactylus
Labridae,Pictilabrus
Pomacanthidae,Chaetodontoplus
Labridae,Novaculichthys
Monacanthidae,Thamnaconus
Pomacentridae,Neoglyphidodon
Labridae,Gomphosus
Pomacentridae,Plectroglyphidodon
Mugilidae,Mugil
Hemiramphidae,Hyporhamphus
Cirrhitidae,Notocirrhitus
Ostraciidae,Ostracion
Tetraodontidae,Tetractenos
Labridae,Eupetrichthys
Plotosidae,Cnidoglanis
Labridae,Hologymnosus
Scorpaenidae,Scorpaenodes
Labridae,Labropsis
Chaetodontidae,Chelmon
Latidae,Psammoperca
Labridae,Choerodon
Haemulidae,Diagramma
Labridae,Epibulus
Pomacentridae,Dischistodus
Labridae,Oxycheilinus
Labridae,Cheilinus
Apogonidae,Cheilodipterus
Plesiopidae,Assessor
Serranidae,Plectropomus
Labridae,Labrichthys
Acanthuridae,Zebrasoma
Pomacentridae,Acanthochromis
Lethrinidae,Monotaxis
Labridae,Chlorurus
Pomacentridae,Neopomacentrus
Labridae,Pseudocheilinus
Pseudochromidae,Pseudochromis
Pseudochromidae,Pictichromis
Monacanthidae,Oxymonacanthus
Pseudochromidae,Ogilbyina
Balistidae,Balistapus
Tetraodontidae,Arothron
Pomacentridae,Cheiloprion
Pomacentridae,Premnas
Monacanthidae,Pervagor
Cirrhitidae,Paracirrhites
Serranidae,Chromileptes
Labridae,Dotalabrus
Balistidae,Pseudobalistes
Labridae,Pseudodax
Labridae,Hipposcarus
Lutjanidae,Macolor
Chaetodontidae,Forcipiger
Labridae,Cetoscarus
Pomacentridae,Hemiglyphidodon
Lutjanidae,Aphareus
Mugilidae,Crenimugil
Priacanthidae,Priacanthus
Carangidae,Scomberoides
Serranidae,Anyperodon
Ephippidae,Platax
Labridae,Cheilio
Nemipteridae,Pentapodus
Lutjanidae,Symphorichthys
Centriscidae,Aeoliscus
Synodontidae,Saurida
Carangidae,Gnathanodon
Carangidae,Trachinotus
Pseudochromidae,Oxycercichthys
Rachycentridae,Rachycentron
Scorpaenidae,Centropogon
Sillaginidae,Sillago
Chaetodontidae,Coradion
Carangidae,Ulua
Labridae,Pteragogus
Chaetodontidae,Chelmonops
Mullidae,Upeneus
Monacanthidae,Cantheschenia
Cirrhitidae,Cyprinocirrhites
Carangidae,Decapterus
Diodontidae,Cyclichthys
Synanceiidae,Synanceia
Labridae,Leptojulis
Synanceiidae,Inimicus
Scombridae,Scomber
Carangidae,Atule
Belonidae,Strongylura
Scombridae,Cybiosarda
Serranidae,Centrogenys
Lutjanidae,Symphorus
Plotosidae,Paraplotosus
Ostraciidae,Rhynchostracion
Carangidae,Selaroides
Labridae,Siphonognathus
Serranidae,Variola
Plesiopidae,Paraplesiops
Platycephalidae,Cymbacephalus
Pomacanthidae,Pygoplites
Scombridae,Grammatorcynus
Pseudochromidae,Labracinus
Labridae,Heteroscarus
Kyphosidae,Neatypus
Tetraodontidae,Torquigener
Gobiesocidae,Diademichthys
Labridae,Leptoscarus
Chaetodontidae,Parachaetodon
Chanidae,Chanos
Nemipteridae,Scaevius
Bothidae,Bothus
Tetraodontidae,Omegophora
Monacanthidae,Acanthaluteres
Serranidae,Epinephelides
Scorpididae,Tilodon
Arripidae,Arripis
Cheilodactylidae,Dactylophora
Serranidae,Gracila
Lutjanidae,Aprion
Cirrhitidae,Cirrhitus
Lethrinidae,Gnathodentex
Chaetodontidae,Hemitaurichthys
Balistidae,Balistoides
Pomacentridae,Lepidozygus
Serranidae,Luzonichthys
Belonidae,Tylosurus
Opisthognathidae,Opistognathus
Serranidae,Caesioscorpis
Sillaginidae,Sillaginodes
Atherinidae,Atherinomorus
Serranidae,Othos
Plotosidae,Plotosus
Monacanthidae,Scobinichthys
Ostraciidae,Aracana
Serranidae,Aethaloperca
Labridae,Calotomus
Labridae,Larabicus
Plesiopidae,Calloplesiops
Monacanthidae,Amanses
Sparidae,Boops
Sparidae,Oblada
Sparidae,Sarpa
Labridae,Centrolabrus
Atherinidae,Atherina
Labridae,Xyrichtys
Belonidae,Belone
Mullidae,Mullus
Haemulidae,Pomadasys
Balistidae,Odonus
Pomacanthidae,Apolemichthys
Scorpaenidae,Scorpaenopsis
Syngnathidae,Corythoichthys
Apogonidae,Pristiapogon
Labridae,Diproctacanthus
Pomacanthidae,Paracentropyge
Haemulidae,Microlepidotus
Chaetodontidae,Johnrandallia
Serranidae,Paranthias
Serranidae,Dermatolepis
Balistidae,Xanthichthys
Echeneidae,Remora
Carangidae,Uraspis
Kyphosidae,Sectator
Lutjanidae,Hoplopagrus
Serranidae,Alphestes
Elopidae,Elops
Labridae,Iniistius
Scombridae,Euthynnus
Cirrhitidae,Oxycirrhites
Haemulidae,Orthopristis
Pomacentridae,Nexilosus
Haemulidae,Xenocys
Oplegnathidae,Oplegnathus
Labridae,Semicossyphus
Malacanthidae,Caulolatilus
Serranidae,Paralabrax
Labridae,Nicholsina
Syngnathidae,Hippocampus
Ogcocephalidae,Ogcocephalus
Hemiramphidae,Hemiramphus
Kuhliidae,Kuhlia
Mugilidae,Neomyxus
Cirrhitidae,Isocirrhitus
Cirrhitidae,Neocirrhites
Grammistidae,Belonoperca
Pseudochromidae,Cypho
Monacanthidae,Paraluteres
Scombridae,Rastrelliger
Labridae,Bolbometopon
Caesionidae,Gymnocaesio
Cirrhitidae,Amblycirrhitus
Megalopidae,Megalops
Bythitidae,Stygnobrotula
Sparidae,Pagrus
Scombridae,Sarda
Haemulidae,Parapristipoma
Mugilidae,Chelon
Sparidae,Spondyliosoma
Monacanthidae,Stephanolepis
Sparidae,Pagellus
Chaetodontidae,Amphichaetodon
Pomacanthidae,Genicanthus
Labridae,Pseudojuloides
Serranidae,Grammistes
Scorpaenidae,Sebastapistes
Cirrhitidae,Cirrhitops
Lethrinidae,Gymnocranius
Carangidae,Alectis
Cirrhitidae,Itycirrhitus
Cheilodactylidae,Goniistius
Scorpaenidae,Taenianotus
Clupeidae,Sardinella
Ostraciidae,Lactoria
Scombridae,Gymnosarda
Gerreidae,Eucinostomus
Carangidae,Selar
Serranidae,Serranocirrhitus
Serranidae,Aulacocephalus
Mugilidae,Liza
Pomacentridae,Pomachromis
Pseudochromidae,Manonichthys
Anarhichadidae,Anarrhichthys
Scombridae,Thunnus
Clupeidae,Sardina
Monacanthidae,Chaetodermis
Apogonidae,Zoramia
Pempherididae,Parapriacanthus
Apogonidae,Rhabdamia
Terapontidae,Pelsartia
